,Name,Team,Position,Height,Weight,Age,PosCategory
0,Adam_Donachie,BAL,Catcher,74,180,22.99,Catcher
1,Paul_Bako,BAL,Catcher,74,215,34.69,Catcher
2,Ramon_Hernandez,BAL,Catcher,72,210,30.78,Catcher
3,Kevin_Millar,BAL,First_Baseman,72,210,35.43,Infielder
4,Chris_Gomez,BAL,First_Baseman,73,188,35.71,Infielder
5,Brian_Roberts,BAL,Second_Baseman,69,176,29.39,Infielder
6,Miguel_Tejada,BAL,Shortstop,69,209,30.77,Infielder
7,Melvin_Mora,BAL,Third_Baseman,71,200,35.07,Infielder
8,Aubrey_Huff,BAL,Third_Baseman,76,231,30.19,Infielder
9,Adam_Stern,BAL,Outfielder,71,180,27.05,Outfielder
10,Jeff_Fiorentino,BAL,Outfielder,73,188,23.88,Outfielder
11,Freddie_Bynum,BAL,Outfielder,73,180,26.96,Outfielder
12,Nick_Markakis,BAL,Outfielder,74,185,23.29,Outfielder
13,Brandon_Fahey,BAL,Outfielder,74,160,26.11,Outfielder
14,Corey_Patterson,BAL,Outfielder,69,180,27.55,Outfielder
15,Jay_Payton,BAL,Outfielder,70,185,34.27,Outfielder
16,Erik_Bedard,BAL,Starting_Pitcher,73,189,27.99,Pitcher
17,Hayden_Penn,BAL,Starting_Pitcher,75,185,22.38,Pitcher
18,Adam_Loewen,BAL,Starting_Pitcher,78,219,22.89,Pitcher
19,Daniel_Cabrera,BAL,Starting_Pitcher,79,230,25.76,Pitcher
20,Steve_Trachsel,BAL,Starting_Pitcher,76,205,36.33,Pitcher
21,Jaret_Wright,BAL,Starting_Pitcher,74,230,31.17,Pitcher
22,Kris_Benson,BAL,Starting_Pitcher,76,195,32.31,Pitcher
23,Scott_Williamson,BAL,Relief_Pitcher,72,180,31.03,Pitcher
24,John_Parrish,BAL,Relief_Pitcher,71,192,29.26,Pitcher
25,Danys_Baez,BAL,Relief_Pitcher,75,225,29.47,Pitcher
26,Chad_Bradford,BAL,Relief_Pitcher,77,203,32.46,Pitcher
27,Jamie_Walker,BAL,Relief_Pitcher,74,195,35.67,Pitcher
28,Brian_Burres,BAL,Relief_Pitcher,73,182,25.89,Pitcher
29,Kurt_Birkins,BAL,Relief_Pitcher,74,188,26.55,Pitcher
30,James_Hoey,BAL,Relief_Pitcher,78,200,24.17,Pitcher
31,Sendy_Rleal,BAL,Relief_Pitcher,73,180,26.69,Pitcher
32,Chris_Ray,BAL,Relief_Pitcher,75,200,25.13,Pitcher
33,Jeremy_Guthrie,BAL,Relief_Pitcher,73,200,27.9,Pitcher
34,A.J._Pierzynski,CWS,Catcher,75,245,30.17,Catcher
35,Toby_Hall,CWS,Catcher,75,240,31.36,Catcher
36,Paul_Konerko,CWS,First_Baseman,74,215,30.99,Infielder
37,Tadahito_Iguchi,CWS,Second_Baseman,69,185,32.24,Infielder
38,Juan_Uribe,CWS,Shortstop,71,175,27.61,Infielder
39,Alex_Cintron,CWS,Shortstop,74,199,28.2,Infielder
40,Joe_Crede,CWS,Third_Baseman,73,200,28.85,Infielder
41,Josh_Fields,CWS,Third_Baseman,73,215,24.21,Infielder
42,Ryan_Sweeney,CWS,Outfielder,76,200,22.02,Outfielder
43,Brian_N._Anderson,CWS,Outfielder,74,205,24.97,Outfielder
44,Luis_Terrero,CWS,Outfielder,74,206,26.78,Outfielder
45,Pablo_Ozuna,CWS,Outfielder,70,186,32.51,Outfielder
46,Scott_Podsednik,CWS,Outfielder,72,188,30.95,Outfielder
47,Jermaine_Dye,CWS,Outfielder,77,220,33.09,Outfielder
48,Darin_Erstad,CWS,Outfielder,74,210,32.74,Outfielder
49,Rob_Mackowiak,CWS,Outfielder,70,195,30.69,Outfielder
50,Charlie_Haeger,CWS,Starting_Pitcher,73,200,23.45,Pitcher
51,Heath_Phillips,CWS,Starting_Pitcher,75,200,24.94,Pitcher
52,Gavin_Floyd,CWS,Starting_Pitcher,76,212,24.09,Pitcher
53,Jose_Contreras,CWS,Starting_Pitcher,76,224,35.23,Pitcher
54,Jon_Garland,CWS,Starting_Pitcher,78,210,27.43,Pitcher
55,Javier_Vazquez,CWS,Starting_Pitcher,74,205,30.6,Pitcher
56,Mark_Buehrle,CWS,Starting_Pitcher,74,220,27.94,Pitcher
57,Mike_MacDougal,CWS,Relief_Pitcher,76,195,29.99,Pitcher
58,David_Aardsma,CWS,Relief_Pitcher,77,200,25.17,Pitcher
59,Andrew_Sisco,CWS,Relief_Pitcher,81,260,24.13,Pitcher
60,Matt_Thornton,CWS,Relief_Pitcher,78,228,30.46,Pitcher
61,Bobby_Jenks,CWS,Relief_Pitcher,75,270,25.96,Pitcher
62,Boone_Logan,CWS,Relief_Pitcher,77,200,22.55,Pitcher
63,Sean_Tracey,CWS,Relief_Pitcher,75,210,26.29,Pitcher
64,Nick_Masset,CWS,Relief_Pitcher,76,190,24.79,Pitcher
65,Jose_Molina,ANA,Catcher,74,220,31.74,Catcher
66,Jeff_Mathis,ANA,Catcher,72,180,23.92,Catcher
67,Mike_Napoli,ANA,Catcher,72,205,25.33,Catcher
68,Casey_Kotchman,ANA,First_Baseman,75,210,24.02,Infielder
69,Kendry_Morales,ANA,First_Baseman,73,220,23.7,Infielder
70,Shea_Hillenbrand,ANA,First_Baseman,73,211,31.59,Infielder
71,Robb_Quinlan,ANA,First_Baseman,73,200,29.95,Infielder
72,Howie_Kendrick,ANA,First_Baseman,70,180,23.64,Infielder
73,Orlando_Cabrera,ANA,Shortstop,70,190,32.33,Infielder
74,Erick_Aybar,ANA,Shortstop,70,170,23.13,Infielder
75,Dallas_McPherson,ANA,Third_Baseman,76,230,26.6,Infielder
76,Maicer_Izturis,ANA,Third_Baseman,68,155,26.46,Infielder
77,Reggie_Willits,ANA,Outfielder,71,185,25.75,Outfielder
78,Tommy_Murphy,ANA,Outfielder,72,185,27.51,Outfielder
79,Terry_Evans,ANA,Outfielder,75,200,25.11,Outfielder
80,Gary_Matthews_Jr.,ANA,Outfielder,75,225,32.51,Outfielder
81,Garret_Anderson,ANA,Outfielder,75,225,34.67,Outfielder
82,Vladimir_Guerrero,ANA,Outfielder,75,220,31.06,Outfielder
83,Chone_Figgins,ANA,Outfielder,68,160,29.1,Outfielder
84,Juan_Rivera,ANA,Outfielder,74,205,28.66,Outfielder
85,John_Lackey,ANA,Starting_Pitcher,78,235,28.35,Pitcher
86,Bartolo_Colon,ANA,Starting_Pitcher,71,250,33.77,Pitcher
87,Kelvim_Escobar,ANA,Starting_Pitcher,73,210,30.89,Pitcher
88,Dustin_Moseley,ANA,Starting_Pitcher,76,190,37.74,Pitcher
89,Ervin_Santana,ANA,Starting_Pitcher,74,160,24.14,Pitcher
90,Joe_Saunders,ANA,Starting_Pitcher,74,200,25.71,Pitcher
91,Jered_Weaver,ANA,Starting_Pitcher,79,205,24.41,Pitcher
92,Chris_Resop,ANA,Relief_Pitcher,75,222,24.32,Pitcher
93,Phil_Seibel,ANA,Relief_Pitcher,73,195,28.09,Pitcher
94,Justin_Speier,ANA,Relief_Pitcher,76,205,33.31,Pitcher
95,Darren_Oliver,ANA,Relief_Pitcher,74,220,36.4,Pitcher
96,Hector_Carrasco,ANA,Relief_Pitcher,74,220,37.36,Pitcher
97,Scot_Shields,ANA,Relief_Pitcher,73,170,31.61,Pitcher
98,Francisco_Rodriguez,ANA,Relief_Pitcher,72,185,25.14,Pitcher
99,Greg_Jones,ANA,Relief_Pitcher,74,195,30.29,Pitcher
100,Doug_Mirabelli,BOS,Catcher,73,220,36.37,Catcher
101,Jason_Varitek,BOS,Catcher,74,230,34.89,Catcher
102,George_Kottaras,BOS,Catcher,72,180,23.79,Catcher
103,Kevin_Youkilis,BOS,First_Baseman,73,220,27.96,Infielder
104,Dustin_Pedroia,BOS,Second_Baseman,69,180,23.54,Infielder
105,Alex_Cora,BOS,Shortstop,72,180,31.37,Infielder
106,Julio_Lugo,BOS,Shortstop,73,170,31.29,Infielder
107,Mike_Lowell,BOS,Third_Baseman,75,210,33.01,Infielder
108,Wily_Mo_Pe?a,BOS,Outfielder,75,215,25.1,Outfielder
109,J.D._Drew,BOS,Outfielder,73,200,31.28,Outfielder
110,Manny_Ramirez,BOS,Outfielder,72,213,34.75,Outfielder
111,Brandon_Moss,BOS,Outfielder,72,180,23.46,Outfielder
112,David_Murphy,BOS,Outfielder,76,192,25.37,Outfielder
113,Eric_Hinske,BOS,Outfielder,74,235,29.57,Outfielder
114,Coco_Crisp,BOS,Outfielder,72,185,27.33,Outfielder
115,Curt_Schilling,BOS,Starting_Pitcher,77,235,40.29,Pitcher
116,Tim_Wakefield,BOS,Starting_Pitcher,74,210,40.58,Pitcher
117,Josh_Beckett,BOS,Starting_Pitcher,77,222,26.79,Pitcher
118,Matt_Clement,BOS,Starting_Pitcher,75,210,32.55,Pitcher
119,Jonathan_Papelbon,BOS,Starting_Pitcher,76,230,26.27,Pitcher
120,Kyle_Snyder,BOS,Starting_Pitcher,80,220,29.47,Pitcher
121,Devern_Hansack,BOS,Starting_Pitcher,74,180,29.07,Pitcher
122,Jon_Lester,BOS,Starting_Pitcher,74,190,23.15,Pitcher
123,Kason_Gabbard,BOS,Starting_Pitcher,75,200,24.9,Pitcher
124,Craig_Hansen,BOS,Relief_Pitcher,78,210,23.29,Pitcher
125,Hideki_Okajima,BOS,Relief_Pitcher,73,194,31.18,Pitcher
126,Craig_Breslow,BOS,Relief_Pitcher,73,180,26.56,Pitcher
127,Manny_Delcarmen,BOS,Relief_Pitcher,74,190,25.03,Pitcher
128,Brendan_Donnelly,BOS,Relief_Pitcher,75,240,35.66,Pitcher
129,Javier_Lopez,BOS,Relief_Pitcher,76,200,29.64,Pitcher
130,J.C._Romero,BOS,Relief_Pitcher,71,198,30.74,Pitcher
131,Joel_Pineiro,BOS,Relief_Pitcher,73,200,28.43,Pitcher
132,Julian_Tavarez,BOS,Relief_Pitcher,74,195,33.77,Pitcher
133,Mike_Timlin,BOS,Relief_Pitcher,76,210,40.97,Pitcher
134,Nick_DeBarr,BOS,Relief_Pitcher,76,220,23.52,Pitcher
135,Victor_Martinez,CLE,Catcher,74,190,28.19,Catcher
136,Kelly_Shoppach,CLE,Catcher,73,210,26.84,Catcher
137,Ryan_Garko,CLE,First_Baseman,74,225,26.16,Infielder
138,Joe_Inglett,CLE,Second_Baseman,70,180,28.67,Infielder
139,Josh_Barfield,CLE,Second_Baseman,72,185,24.2,Infielder
140,Hector_Luna,CLE,Second_Baseman,73,170,27.08,Infielder
141,Jhonny_Peralta,CLE,Shortstop,73,185,24.76,Infielder
142,Andy_Marte,CLE,Third_Baseman,73,185,23.36,Infielder
143,Ben_Francisco,CLE,Outfielder,73,180,25.35,Outfielder
144,Shin-Soo_Choo,CLE,Outfielder,71,178,24.63,Outfielder
145,Franklin_Gutierrez,CLE,Outfielder,74,175,24.02,Outfielder
146,Grady_Sizemore,CLE,Outfielder,74,200,24.58,Outfielder
147,Jason_Michaels,CLE,Outfielder,72,204,30.82,Outfielder
148,Trot_Nixon,CLE,Outfielder,74,211,32.89,Outfielder
149,David_Dellucci,CLE,Outfielder,71,190,33.33,Outfielder
150,Casey_Blake,CLE,Outfielder,74,210,33.52,Outfielder
151,Paul_Byrd,CLE,Starting_Pitcher,73,190,36.24,Pitcher
152,Cliff_Lee,CLE,Starting_Pitcher,75,190,28.5,Pitcher
153,Jake_Westbrook,CLE,Starting_Pitcher,75,185,29.42,Pitcher
154,C.C._Sabathia,CLE,Starting_Pitcher,79,290,26.61,Pitcher
155,Jeremy_Sowers,CLE,Starting_Pitcher,73,175,23.79,Pitcher
156,Rafael_Perez,CLE,Relief_Pitcher,75,185,24.96,Pitcher
157,Brian_Slocum,CLE,Relief_Pitcher,76,200,25.93,Pitcher
158,Edward_Mujica,CLE,Relief_Pitcher,74,220,22.81,Pitcher
159,Fernando_Cabrera,CLE,Relief_Pitcher,76,170,25.29,Pitcher
160,Tom_Mastny,CLE,Relief_Pitcher,78,220,26.07,Pitcher
161,Juan_Lara,CLE,Relief_Pitcher,74,190,26.09,Pitcher
162,Fausto_Carmona,CLE,Relief_Pitcher,76,220,23.23,Pitcher
163,Aaron_Fultz,CLE,Relief_Pitcher,72,205,33.49,Pitcher
164,Rafael_Betancourt,CLE,Relief_Pitcher,74,200,31.84,Pitcher
165,Roberto_Hernandez,CLE,Relief_Pitcher,76,250,42.3,Pitcher
166,Joe_Borowski,CLE,Relief_Pitcher,74,225,35.82,Pitcher
167,Matt_Miller,CLE,Relief_Pitcher,75,215,35.27,Pitcher
168,Jason_Davis,CLE,Relief_Pitcher,78,210,26.81,Pitcher
169,Mike_Piazza,OAK,Catcher,75,215,38.49,Catcher
170,Jason_Kendall,OAK,Catcher,72,195,32.68,Catcher
171,Adam_Melhuse,OAK,Catcher,74,200,34.93,Catcher
172,Nick_Swisher,OAK,First_Baseman,72,194,26.26,Infielder
173,Dan_Johnson,OAK,First_Baseman,74,220,27.56,Infielder
174,Donald_Murphy,OAK,Second_Baseman,70,180,23.98,Infielder
175,Mark_Ellis,OAK,Second_Baseman,71,180,29.73,Infielder
176,Marco_Scutaro,OAK,Shortstop,70,170,31.33,Infielder
177,Bobby_Crosby,OAK,Shortstop,75,195,27.13,Infielder
178,Mark_Kiger,OAK,Shortstop,71,180,26.75,Infielder
179,Antonio_Perez,OAK,Third_Baseman,71,170,27.09,Infielder
180,Eric_Chavez,OAK,Third_Baseman,73,206,29.23,Infielder
181,Milton_Bradley,OAK,Outfielder,72,205,28.88,Outfielder
182,Shannon_Stewart,OAK,Outfielder,71,200,33.01,Outfielder
183,Bobby_Kielty,OAK,Outfielder,73,225,30.57,Outfielder
184,Mark_Kotsay,OAK,Outfielder,72,201,31.24,Outfielder
185,Ryan_Goleski,OAK,Outfielder,75,225,24.95,Outfielder
186,Jason_Windsor,OAK,Starting_Pitcher,74,233,24.62,Pitcher
187,David_Shafer,OAK,Starting_Pitcher,74,180,24.98,Pitcher
188,Joe_Blanton,OAK,Starting_Pitcher,75,225,26.22,Pitcher
189,Brad_Halsey,OAK,Starting_Pitcher,73,180,26.04,Pitcher
190,Dan_Haren,OAK,Starting_Pitcher,77,220,26.45,Pitcher
191,Rich_Harden,OAK,Starting_Pitcher,73,180,25.25,Pitcher
192,Joe_Kennedy,OAK,Starting_Pitcher,76,237,27.77,Pitcher
193,Esteban_Loaiza,OAK,Starting_Pitcher,75,215,35.16,Pitcher
194,Alan_Embree,OAK,Relief_Pitcher,74,190,37.1,Pitcher
195,Jay_Witasick,OAK,Relief_Pitcher,76,235,34.51,Pitcher
196,Justin_Duchscherer,OAK,Relief_Pitcher,75,190,29.28,Pitcher
197,Kiko_Calero,OAK,Relief_Pitcher,73,180,32.14,Pitcher
198,Chad_Gaudin,OAK,Relief_Pitcher,71,165,23.94,Pitcher
199,Lenny_DiNardo,OAK,Relief_Pitcher,76,195,27.45,Pitcher
200,Scott_Dunn,OAK,Relief_Pitcher,75,200,28.77,Pitcher
201,Huston_Street,OAK,Relief_Pitcher,72,190,23.58,Pitcher
202,Ron_Flores,OAK,Relief_Pitcher,71,190,27.56,Pitcher
203,Jay_Marshall,OAK,Relief_Pitcher,77,185,24.01,Pitcher
204,Marcus_McBeth,OAK,Relief_Pitcher,73,185,26.52,Pitcher
205,Jorge_Posada,NYY,Catcher,74,205,35.54,Catcher
206,Wil_Nieves,NYY,Catcher,71,190,29.43,Catcher
207,Andy_Phillips,NYY,First_Baseman,72,205,29.9,Infielder
208,Doug_Mientkiewicz,NYY,First_Baseman,74,206,32.7,Infielder
209,Josh_Phelps,NYY,First_Baseman,75,220,28.8,Infielder
210,Miguel_Cairo,NYY,Second_Baseman,73,208,32.82,Infielder
211,Robinson_Cano,NYY,Second_Baseman,72,170,24.36,Infielder
212,Derek_Jeter,NYY,Shortstop,75,195,32.68,Infielder
213,Alex_Rodriguez,NYY,Third_Baseman,75,210,31.59,Infielder
214,Johnny_Damon,NYY,Outfielder,74,190,33.32,Outfielder
215,Bobby_Abreu,NYY,Outfielder,72,211,32.97,Outfielder
216,Hideki_Matsui,NYY,Outfielder,74,230,32.72,Outfielder
217,Melky_Cabrera,NYY,Outfielder,71,170,22.55,Outfielder
218,Kevin_Thompson,NYY,Outfielder,70,185,27.45,Outfielder
219,Mike_Mussina,NYY,Starting_Pitcher,74,185,38.23,Pitcher
220,Carl_Pavano,NYY,Starting_Pitcher,77,241,31.14,Pitcher
221,Andy_Pettitte,NYY,Starting_Pitcher,77,225,34.71,Pitcher
222,Darrell_Rasner,NYY,Starting_Pitcher,75,210,26.13,Pitcher
223,Jeff_Karstens,NYY,Starting_Pitcher,75,175,24.43,Pitcher
224,Humberto_Sanchez,NYY,Starting_Pitcher,78,230,23.76,Pitcher
225,Chien-Ming_Wang,NYY,Starting_Pitcher,75,200,26.92,Pitcher
226,Sean_Henn,NYY,Relief_Pitcher,76,215,25.85,Pitcher
227,Scott_Proctor,NYY,Relief_Pitcher,73,198,30.16,Pitcher
228,Brian_Bruney,NYY,Relief_Pitcher,75,226,25.03,Pitcher
229,Chris_Britton,NYY,Relief_Pitcher,75,278,24.21,Pitcher
230,T.J._Beam,NYY,Relief_Pitcher,79,215,26.51,Pitcher
231,Jose_Veras,NYY,Relief_Pitcher,77,230,26.36,Pitcher
232,Kyle_Farnsworth,NYY,Relief_Pitcher,76,240,30.88,Pitcher
233,Luis_Vizcaino,NYY,Relief_Pitcher,71,184,32.57,Pitcher
234,Mike_Myers,NYY,Relief_Pitcher,75,219,37.68,Pitcher
235,Mariano_Rivera,NYY,Relief_Pitcher,74,170,37.25,Pitcher
236,Ivan_Rodriguez,DET,Catcher,69,218,35.25,Catcher
237,Vance_Wilson,DET,Catcher,71,190,33.95,Catcher
238,Sean_Casey,DET,First_Baseman,76,225,32.66,Infielder
239,Chris_Shelton,DET,First_Baseman,72,220,26.68,Infielder
240,Omar_Infante,DET,Second_Baseman,72,176,25.18,Infielder
241,Placido_Polanco,DET,Second_Baseman,70,190,31.39,Infielder
242,Neifi_Perez,DET,Second_Baseman,72,197,33.74,Infielder
243,Carlos_Guillen,DET,Shortstop,73,204,31.42,Infielder
244,Ramon_Santiago,DET,Shortstop,71,167,27.5,Infielder
245,Tony_Giarratano,DET,Shortstop,72,180,24.25,Infielder
246,Brandon_Inge,DET,Third_Baseman,71,195,29.78,Infielder
247,Craig_Monroe,DET,Outfielder,73,220,30.0,Outfielder
248,Magglio_Ordo?ez,DET,Outfielder,72,215,33.09,Outfielder
249,Curtis_Granderson,DET,Outfielder,73,185,25.96,Outfielder
250,Brent_Clevlen,DET,Outfielder,74,190,23.34,Outfielder
251,Marcus_Thames,DET,Outfielder,74,205,29.98,Outfielder
252,Gary_Sheffield,DET,Outfielder,72,205,38.28,Outfielder
253,Zach_Miner,DET,Starting_Pitcher,75,200,24.97,Pitcher
254,Jeremy_Bonderman,DET,Starting_Pitcher,74,210,24.34,Pitcher
255,Nate_Robertson,DET,Starting_Pitcher,74,215,29.49,Pitcher
256,Justin_Verlander,DET,Starting_Pitcher,77,200,24.02,Pitcher
257,Virgil_Vasquez,DET,Starting_Pitcher,75,205,24.73,Pitcher
258,Kenny_Rogers,DET,Starting_Pitcher,73,211,42.3,Pitcher
259,Mike_Maroth,DET,Starting_Pitcher,72,190,29.54,Pitcher
260,Fernando_Rodney,DET,Relief_Pitcher,71,208,29.95,Pitcher
261,Chad_Durbin,DET,Relief_Pitcher,74,200,29.24,Pitcher
262,Jason_Grilli,DET,Relief_Pitcher,77,210,30.3,Pitcher
263,Jose_Mesa,DET,Relief_Pitcher,75,232,40.77,Pitcher
264,Todd_Jones,DET,Relief_Pitcher,75,230,38.85,Pitcher
265,Joel_Zumaya,DET,Relief_Pitcher,75,210,22.31,Pitcher
266,Jordan_Tata,DET,Relief_Pitcher,78,220,25.44,Pitcher
267,Andrew_Miller,DET,Relief_Pitcher,78,210,21.78,Pitcher
268,Yorman_Bazardo,DET,Relief_Pitcher,74,202,22.64,Pitcher
269,Wilfredo_Ledezma,DET,Relief_Pitcher,76,212,26.11,Pitcher
270,Roman_Colon,DET,Relief_Pitcher,78,225,27.55,Pitcher
271,Edward_Campusano,DET,Relief_Pitcher,76,170,24.63,Pitcher
272,Rene_Rivera,SEA,Catcher,70,190,23.58,Catcher
273,Kenji_Johjima,SEA,Catcher,72,200,30.73,Catcher
274,Richie_Sexson,SEA,First_Baseman,80,237,32.17,Infielder
275,Ben_Broussard,SEA,First_Baseman,74,220,30.43,Infielder
276,Jose_Lopez,SEA,Second_Baseman,74,170,23.27,Infielder
277,Jose_Vidro,SEA,Second_Baseman,71,193,32.51,Infielder
278,Yuniesky_Betancourt,SEA,Shortstop,70,190,25.08,Infielder
279,Oswaldo_Navarro,SEA,Shortstop,72,150,22.41,Infielder
280,Adrian_Beltre,SEA,Third_Baseman,71,220,27.9,Infielder
281,Raul_Ibanez,SEA,Outfielder,74,200,34.74,Outfielder
282,Jose_Guillen,SEA,Outfielder,71,190,30.79,Outfielder
283,Jeremy_Reed,SEA,Outfielder,72,185,25.71,Outfielder
284,Willie_Bloomquist,SEA,Outfielder,71,185,29.26,Outfielder
285,Adam_Jones,SEA,Outfielder,74,200,21.58,Outfielder
286,Ichiro_Suzuki,SEA,Outfielder,69,172,33.36,Outfielder
287,Mike_Morse,SEA,Outfielder,76,220,24.94,Outfielder
288,Felix_Hernandez,SEA,Starting_Pitcher,75,225,20.9,Pitcher
289,Ryan_Feierabend,SEA,Starting_Pitcher,75,190,21.52,Pitcher
290,Sean_White,SEA,Starting_Pitcher,76,195,25.85,Pitcher
291,Horacio_Ramirez,SEA,Starting_Pitcher,73,219,27.27,Pitcher
292,Cha_Baek,SEA,Starting_Pitcher,76,190,26.75,Pitcher
293,Miguel_Batista,SEA,Starting_Pitcher,73,197,36.03,Pitcher
294,Jeff_Weaver,SEA,Starting_Pitcher,77,200,30.52,Pitcher
295,Jarrod_Washburn,SEA,Starting_Pitcher,73,195,32.55,Pitcher
296,George_Sherrill,SEA,Relief_Pitcher,72,210,29.86,Pitcher
297,Julio_Mateo,SEA,Relief_Pitcher,72,177,29.58,Pitcher
298,J.J._Putz,SEA,Relief_Pitcher,77,220,30.02,Pitcher
299,Chris_Reitsma,SEA,Relief_Pitcher,77,235,29.16,Pitcher
300,Cesar_Jimenez,SEA,Relief_Pitcher,71,180,22.3,Pitcher
301,Eric_O'Flaherty,SEA,Relief_Pitcher,74,195,22.06,Pitcher
302,Jon_Huber,SEA,Relief_Pitcher,74,195,25.65,Pitcher
303,Jake_Woods,SEA,Relief_Pitcher,73,190,25.49,Pitcher
304,Sean_Green,SEA,Relief_Pitcher,78,230,27.86,Pitcher
305,Mark_Lowe,SEA,Relief_Pitcher,75,190,23.73,Pitcher
306,Josh_Paul,TB,Catcher,73,200,31.78,Catcher
307,Dioner_Navarro,TB,Catcher,70,190,23.06,Catcher
308,Shawn_Riggans,TB,Catcher,74,190,26.6,Catcher
309,Ty_Wigginton,TB,First_Baseman,72,200,29.39,Infielder
310,Brendan_Harris,TB,Second_Baseman,73,200,26.51,Infielder
311,Jorge_Cantu,TB,Second_Baseman,73,184,25.08,Infielder
312,Ben_Zobrist,TB,Shortstop,75,200,25.76,Infielder
313,B.J._Upton,TB,Third_Baseman,75,180,22.52,Infielder
314,Carl_Crawford,TB,Outfielder,74,219,25.57,Outfielder
315,Rocco_Baldelli,TB,Outfielder,76,187,25.43,Outfielder
316,Greg_Norton,TB,Outfielder,73,200,34.65,Outfielder
317,Elijah_Dukes,TB,Outfielder,74,220,22.68,Outfielder
318,Delmon_Young,TB,Outfielder,75,205,21.46,Outfielder
319,Edwin_Jackson,TB,Starting_Pitcher,75,190,23.47,Pitcher
320,Scott_Kazmir,TB,Starting_Pitcher,72,170,23.1,Pitcher
321,Casey_Fossum,TB,Starting_Pitcher,73,160,29.14,Pitcher
322,Jae_Seo,TB,Starting_Pitcher,73,215,29.77,Pitcher
323,J.P._Howell,TB,Starting_Pitcher,72,175,23.85,Pitcher
324,Tim_Corcoran,TB,Starting_Pitcher,74,205,28.88,Pitcher
325,Jason_Hammel,TB,Starting_Pitcher,78,200,24.49,Pitcher
326,James_Shields,TB,Starting_Pitcher,76,214,25.19,Pitcher
327,Brian_Stokes,TB,Starting_Pitcher,73,200,27.48,Pitcher
328,Juan_Salas,TB,Relief_Pitcher,74,190,28.31,Pitcher
329,Jeff_Ridgway,TB,Relief_Pitcher,75,180,26.54,Pitcher
330,Ruddy_Lugo,TB,Relief_Pitcher,70,205,26.77,Pitcher
331,Jae-Kuk_Ryu,TB,Relief_Pitcher,75,220,23.75,Pitcher
332,Chad_Orvella,TB,Relief_Pitcher,71,190,26.41,Pitcher
333,Dan_Miceli,TB,Relief_Pitcher,72,215,36.47,Pitcher
334,Seth_McClung,TB,Relief_Pitcher,78,235,26.06,Pitcher
335,Jon_Switzer,TB,Relief_Pitcher,75,191,27.55,Pitcher
336,Shawn_Camp,TB,Relief_Pitcher,73,200,31.28,Pitcher
337,Scott_Dohmann,TB,Relief_Pitcher,73,181,29.04,Pitcher
338,Jason_LaRue,KC,Catcher,71,200,32.95,Catcher
339,John_Buck,KC,Catcher,75,210,26.65,Catcher
340,Ryan_Shealy,KC,First_Baseman,77,240,27.5,Infielder
341,Ross_Gload,KC,First_Baseman,72,185,30.9,Infielder
342,Esteban_German,KC,Second_Baseman,69,165,29.09,Infielder
343,Mark_Grudzielanek,KC,Second_Baseman,73,190,36.67,Infielder
344,Angel_Sanchez,KC,Second_Baseman,74,185,23.44,Infielder
345,Angel_Berroa,KC,Shortstop,72,175,29.09,Infielder
346,Andres_Blanco,KC,Shortstop,70,155,22.89,Infielder
347,Mark_Teahen,KC,Third_Baseman,75,210,25.48,Infielder
348,Joey_Gathright,KC,Outfielder,70,170,25.84,Outfielder
349,David_DeJesus,KC,Outfielder,72,175,27.2,Outfielder
350,Shane_Costa,KC,Outfielder,72,220,25.22,Outfielder
351,Mitch_Maier,KC,Outfielder,74,210,24.67,Outfielder
352,Reggie_Sanders,KC,Outfielder,73,205,39.25,Outfielder
353,Emil_Brown,KC,Outfielder,74,200,32.17,Outfielder
354,John_Bale,KC,Starting_Pitcher,76,205,32.77,Pitcher
355,Luke_Hudson,KC,Starting_Pitcher,75,195,29.83,Pitcher
356,Scott_Elarton,KC,Starting_Pitcher,80,240,31.02,Pitcher
357,Odalis_Perez,KC,Starting_Pitcher,72,150,29.73,Pitcher
358,Gil_Meche,KC,Starting_Pitcher,75,200,28.48,Pitcher
359,Neal_Musser,KC,Starting_Pitcher,73,215,26.51,Pitcher
360,Brian_Bannister,KC,Starting_Pitcher,74,202,26.0,Pitcher
361,Zack_Greinke,KC,Starting_Pitcher,74,200,23.36,Pitcher
362,Jorge_De_La_Rosa,KC,Starting_Pitcher,73,190,25.9,Pitcher
363,Todd_Wellemeyer,KC,Relief_Pitcher,75,205,28.5,Pitcher
364,Jimmy_Gobble,KC,Relief_Pitcher,75,190,25.62,Pitcher
365,Joel_Peralta,KC,Relief_Pitcher,71,160,30.94,Pitcher
366,Ryan_Braun,KC,Relief_Pitcher,73,215,26.59,Pitcher
367,Joakim_Soria,KC,Relief_Pitcher,75,185,22.78,Pitcher
368,Ken_Ray,KC,Relief_Pitcher,74,200,32.26,Pitcher
369,David_Riske,KC,Relief_Pitcher,74,190,30.35,Pitcher
370,Octavio_Dotel,KC,Relief_Pitcher,72,210,33.26,Pitcher
371,Joe_Nelson,KC,Relief_Pitcher,74,185,32.35,Pitcher
372,Gerald_Laird,TEX,Catcher,74,220,27.3,Catcher
373,Miguel_Ojeda,TEX,Catcher,74,190,32.08,Catcher
374,Guillermo_Quiroz,TEX,Catcher,73,202,25.25,Catcher
375,Chris_Stewart,TEX,Catcher,76,205,25.03,Catcher
376,Mark_Teixeira,TEX,First_Baseman,75,220,26.89,Infielder
377,Ian_Kinsler,TEX,Second_Baseman,72,175,24.69,Infielder
378,Joaquin_Arias,TEX,Shortstop,73,160,22.44,Infielder
379,Michael_Young,TEX,Shortstop,73,190,30.36,Infielder
380,Hank_Blalock,TEX,Third_Baseman,73,200,26.27,Infielder
381,Marlon_Byrd,TEX,Outfielder,72,229,29.5,Outfielder
382,Brad_Wilkerson,TEX,Outfielder,72,206,29.75,Outfielder
383,Sammy_Sosa,TEX,Outfielder,72,220,38.3,Outfielder
384,Kenny_Lofton,TEX,Outfielder,72,180,39.75,Outfielder
385,Frank_Catalanotto,TEX,Outfielder,71,195,32.84,Outfielder
386,Nelson_Cruz,TEX,Outfielder,75,175,26.66,Outfielder
387,Robinson_Tejeda,TEX,Starting_Pitcher,75,188,24.94,Pitcher
388,John_Rheinecker,TEX,Starting_Pitcher,74,230,27.76,Pitcher
389,Edinson_Volquez,TEX,Starting_Pitcher,73,190,23.66,Pitcher
390,A.J._Murray,TEX,Starting_Pitcher,75,200,24.96,Pitcher
391,Brandon_McCarthy,TEX,Starting_Pitcher,79,190,23.65,Pitcher
392,Vicente_Padilla,TEX,Starting_Pitcher,74,219,29.42,Pitcher
393,Kevin_Millwood,TEX,Starting_Pitcher,76,235,32.18,Pitcher
394,John_Koronka,TEX,Starting_Pitcher,73,180,26.66,Pitcher
395,Frank_Francisco,TEX,Relief_Pitcher,74,180,27.47,Pitcher
396,Francisco_Cruceta,TEX,Relief_Pitcher,74,180,25.66,Pitcher
397,Akinori_Otsuka,TEX,Relief_Pitcher,72,200,35.13,Pitcher
398,Eric_Gagne,TEX,Relief_Pitcher,74,234,31.15,Pitcher
399,Ron_Mahay,TEX,Relief_Pitcher,74,185,35.67,Pitcher
400,Joaquin_Benoit,TEX,Relief_Pitcher,75,220,29.6,Pitcher
401,Rick_Bauer,TEX,Relief_Pitcher,78,223,30.14,Pitcher
402,Josh_Rupe,TEX,Relief_Pitcher,74,200,24.53,Pitcher
403,Wes_Littleton,TEX,Relief_Pitcher,74,210,24.49,Pitcher
404,C.J._Wilson,TEX,Relief_Pitcher,74,200,26.28,Pitcher
405,Scott_Feldman,TEX,Relief_Pitcher,77,210,24.06,Pitcher
406,Gregg_Zaun,TOR,Catcher,70,190,35.88,Catcher
407,Jason_Phillips,TOR,Catcher,73,177,30.42,Catcher
408,Lyle_Overbay,TOR,First_Baseman,74,227,30.09,Infielder
409,Russ_Adams,TOR,Second_Baseman,73,180,26.5,Infielder
410,Aaron_Hill,TOR,Second_Baseman,71,195,24.94,Infielder
411,Jason_Smith,TOR,Second_Baseman,75,199,29.6,Infielder
412,John_McDonald,TOR,Shortstop,71,175,32.43,Infielder
413,Royce_Clayton,TOR,Shortstop,72,185,37.16,Infielder
414,Troy_Glaus,TOR,Third_Baseman,77,240,30.57,Infielder
415,John_Hattig,TOR,Third_Baseman,74,210,27.01,Infielder
416,Reed_Johnson,TOR,Outfielder,70,180,30.23,Outfielder
417,Alex_Rios,TOR,Outfielder,77,194,26.03,Outfielder
418,Vernon_Wells,TOR,Outfielder,73,225,28.23,Outfielder
419,Shaun_Marcum,TOR,Starting_Pitcher,72,180,25.21,Pitcher
420,Casey_Janssen,TOR,Starting_Pitcher,76,205,25.45,Pitcher
421,Gustavo_Chacin,TOR,Starting_Pitcher,71,193,26.24,Pitcher
422,A.J._Burnett,TOR,Starting_Pitcher,76,230,30.15,Pitcher
423,Roy_Halladay,TOR,Starting_Pitcher,78,230,29.8,Pitcher
424,John_Thomson,TOR,Starting_Pitcher,75,220,33.41,Pitcher
425,Tomo_Ohka,TOR,Starting_Pitcher,73,200,30.95,Pitcher
426,B.J._Ryan,TOR,Relief_Pitcher,78,249,31.17,Pitcher
427,Scott_Downs,TOR,Relief_Pitcher,74,190,30.95,Pitcher
428,Brian_Tallet,TOR,Relief_Pitcher,79,208,29.44,Pitcher
429,Matt_Roney,TOR,Relief_Pitcher,75,245,27.14,Pitcher
430,Tracy_Thorpe,TOR,Relief_Pitcher,76,250,26.21,Pitcher
431,Jean_Machi,TOR,Relief_Pitcher,72,160,24.08,Pitcher
432,Brandon_League,TOR,Relief_Pitcher,75,192,23.96,Pitcher
433,Dustin_McGowan,TOR,Relief_Pitcher,75,220,24.94,Pitcher
434,Jason_Frasor,TOR,Relief_Pitcher,70,170,29.56,Pitcher
435,Francisco_Rosario,TOR,Relief_Pitcher,72,197,26.42,Pitcher
436,Davis_Romero,TOR,Relief_Pitcher,70,155,23.92,Pitcher
437,Jeremy_Accardo,TOR,Relief_Pitcher,74,190,25.23,Pitcher
438,Mike_Redmond,MIN,Catcher,71,200,35.82,Catcher
439,Joe_Mauer,MIN,Catcher,76,220,23.87,Catcher
440,Chris_Heintz,MIN,Catcher,73,210,32.57,Catcher
441,Justin_Morneau,MIN,First_Baseman,76,228,25.79,Infielder
442,Luis_Castillo,MIN,Second_Baseman,71,190,31.47,Infielder
443,Alexi_Casilla,MIN,Second_Baseman,69,160,22.61,Infielder
444,Alejandro_Machado,MIN,Second_Baseman,72,184,24.85,Infielder
445,Jason_Bartlett,MIN,Shortstop,72,180,27.33,Infielder
446,Luis_Rodriguez,MIN,Third_Baseman,69,180,26.67,Infielder
447,Jeff_Cirillo,MIN,Third_Baseman,73,200,37.43,Infielder
448,Nick_Punto,MIN,Third_Baseman,69,176,29.31,Infielder
449,Jason_Tyner,MIN,Outfielder,73,160,29.85,Outfielder
450,Michael_Cuddyer,MIN,Outfielder,74,222,27.93,Outfielder
451,Torii_Hunter,MIN,Outfielder,74,211,31.62,Outfielder
452,Lew_Ford,MIN,Outfielder,72,195,30.55,Outfielder
453,Jason_Kubel,MIN,Outfielder,71,200,24.77,Outfielder
454,Ramon_Ortiz,MIN,Starting_Pitcher,72,175,33.77,Pitcher
455,Johan_Santana,MIN,Starting_Pitcher,72,206,27.97,Pitcher
456,Carlos_Silva,MIN,Starting_Pitcher,76,240,27.85,Pitcher
457,Matt_Garza,MIN,Starting_Pitcher,76,185,23.26,Pitcher
458,Boof_Bonser,MIN,Starting_Pitcher,76,260,25.38,Pitcher
459,Francisco_Liriano,MIN,Starting_Pitcher,74,185,23.35,Pitcher
460,Scott_Baker,MIN,Starting_Pitcher,76,221,25.45,Pitcher
461,Pat_Neshek,MIN,Relief_Pitcher,75,205,26.49,Pitcher
462,Glen_Perkins,MIN,Relief_Pitcher,71,200,24.0,Pitcher
463,Julio_DePaula,MIN,Relief_Pitcher,72,170,24.16,Pitcher
464,Juan_Rincon,MIN,Relief_Pitcher,71,201,28.1,Pitcher
465,Jesse_Crain,MIN,Relief_Pitcher,73,205,25.65,Pitcher
466,Matt_Guerrier,MIN,Relief_Pitcher,75,185,28.58,Pitcher
467,Joe_Nathan,MIN,Relief_Pitcher,76,205,32.27,Pitcher
468,Dennys_Reyes,MIN,Relief_Pitcher,75,245,29.86,Pitcher
469,Brayan_Pe?a,ATL,Catcher,71,220,25.14,Catcher
470,Brian_McCann,ATL,Catcher,75,210,23.03,Catcher
471,Craig_Wilson,ATL,First_Baseman,74,220,30.25,Infielder
472,Chris_Woodward,ATL,Second_Baseman,72,185,30.67,Infielder
473,Pete_Orr,ATL,Second_Baseman,73,175,27.73,Infielder
474,Martin_Prado,ATL,Second_Baseman,73,170,23.34,Infielder
475,Tony_Pe?a,ATL,Shortstop,73,180,25.94,Infielder
476,Edgar_Renteria,ATL,Shortstop,73,200,31.56,Infielder
477,Chipper_Jones,ATL,Third_Baseman,76,210,34.85,Infielder
478,Willy_Aybar,ATL,Third_Baseman,72,175,23.98,Infielder
479,Jeff_Francoeur,ATL,Outfielder,76,220,23.14,Outfielder
480,Matt_Diaz,ATL,Outfielder,73,206,28.99,Outfielder
481,Kelly_Johnson,ATL,Outfielder,73,180,25.02,Outfielder
482,Andruw_Jones,ATL,Outfielder,73,210,29.85,Outfielder
483,Ryan_Langerhans,ATL,Outfielder,75,195,27.03,Outfielder
484,Scott_Thorman,ATL,Outfielder,75,200,25.15,Outfielder
485,T.J._Bohn,ATL,Outfielder,77,200,27.12,Outfielder
486,Tim_Hudson,ATL,Starting_Pitcher,73,164,31.63,Pitcher
487,Jonathan_Johnson,ATL,Starting_Pitcher,72,180,32.62,Pitcher
488,John_Smoltz,ATL,Starting_Pitcher,75,220,39.79,Pitcher
489,Mike_Hampton,ATL,Starting_Pitcher,70,195,34.47,Pitcher
490,Kyle_Davies,ATL,Starting_Pitcher,74,205,23.47,Pitcher
491,Chuck_James,ATL,Starting_Pitcher,72,170,25.31,Pitcher
492,Phil_Stockman,ATL,Relief_Pitcher,80,240,27.1,Pitcher
493,Macay_McBride,ATL,Relief_Pitcher,71,210,24.35,Pitcher
494,Joey_Devine,ATL,Relief_Pitcher,71,195,23.45,Pitcher
495,Peter_Moylan,ATL,Relief_Pitcher,74,200,28.24,Pitcher
496,Mike_Gonzalez,ATL,Relief_Pitcher,74,205,28.77,Pitcher
497,Lance_Cormier,ATL,Relief_Pitcher,73,192,26.53,Pitcher
498,Blaine_Boyer,ATL,Relief_Pitcher,75,190,25.64,Pitcher
499,Manny_Acosta,ATL,Relief_Pitcher,76,170,25.83,Pitcher
500,Bob_Wickman,ATL,Relief_Pitcher,73,240,38.06,Pitcher
501,Tanyon_Sturtze,ATL,Relief_Pitcher,77,200,36.38,Pitcher
502,Oscar_Villarreal,ATL,Relief_Pitcher,72,205,25.27,Pitcher
503,Rafael_Soriano,ATL,Relief_Pitcher,73,175,27.2,Pitcher
504,Chad_Paronto,ATL,Relief_Pitcher,77,250,31.59,Pitcher
505,Tyler_Yates,ATL,Relief_Pitcher,76,220,29.56,Pitcher
506,Henry_Blanco,CHC,Catcher,71,224,35.5,Catcher
507,Michael_Barrett,CHC,Catcher,75,210,30.35,Catcher
508,Geovany_Soto,CHC,Catcher,73,195,24.11,Catcher
509,Scott_Moore,CHC,First_Baseman,74,180,23.29,Infielder
510,Derrek_Lee,CHC,First_Baseman,77,245,31.48,Infielder
511,Ryan_Theriot,CHC,Second_Baseman,71,175,27.23,Infielder
512,Ronny_Cedeno,CHC,Shortstop,72,180,24.07,Infielder
513,Aramis_Ramirez,CHC,Third_Baseman,73,215,28.68,Infielder
514,Cesar_Izturis,CHC,Third_Baseman,69,175,27.05,Infielder
515,Alfonso_Soriano,CHC,Outfielder,73,180,31.15,Outfielder
516,Jacque_Jones,CHC,Outfielder,70,195,31.85,Outfielder
517,Daryle_Ward,CHC,Outfielder,74,230,31.68,Outfielder
518,Cliff_Floyd,CHC,Outfielder,76,230,34.23,Outfielder
519,Mark_DeRosa,CHC,Outfielder,73,205,32.01,Outfielder
520,Matt_Murton,CHC,Outfielder,73,215,25.41,Outfielder
521,Buck_Coats,CHC,Outfielder,75,195,24.73,Outfielder
522,Angel_Pagan,CHC,Outfielder,73,180,25.66,Outfielder
523,Sean_Marshall,CHC,Starting_Pitcher,79,205,24.5,Pitcher
524,Carlos_Marmol,CHC,Starting_Pitcher,74,180,24.38,Pitcher
525,Ryan_O'Malley,CHC,Starting_Pitcher,73,190,26.89,Pitcher
526,Juan_Mateo,CHC,Starting_Pitcher,74,180,24.2,Pitcher
527,Rich_Hill,CHC,Starting_Pitcher,77,190,26.97,Pitcher
528,Angel_Guzman,CHC,Starting_Pitcher,75,190,25.21,Pitcher
529,Wade_Miller,CHC,Starting_Pitcher,74,220,30.46,Pitcher
530,Jason_Marquis,CHC,Starting_Pitcher,73,210,28.53,Pitcher
531,Carlos_Zambrano,CHC,Starting_Pitcher,77,255,25.75,Pitcher
532,Ted_Lilly,CHC,Starting_Pitcher,73,190,31.15,Pitcher
533,Mark_Prior,CHC,Starting_Pitcher,77,230,26.48,Pitcher
534,Neal_Cotts,CHC,Relief_Pitcher,74,200,26.93,Pitcher
535,Will_Ohman,CHC,Relief_Pitcher,74,205,29.55,Pitcher
536,Scott_Eyre,CHC,Relief_Pitcher,73,210,34.75,Pitcher
537,Kerry_Wood,CHC,Relief_Pitcher,77,225,29.71,Pitcher
538,Ryan_Dempster,CHC,Relief_Pitcher,74,215,29.83,Pitcher
539,Bob_Howry,CHC,Relief_Pitcher,77,220,33.57,Pitcher
540,Mike_Wuertz,CHC,Relief_Pitcher,75,205,28.21,Pitcher
541,Roberto_Novoa,CHC,Relief_Pitcher,77,200,27.54,Pitcher
542,Chris_Snyder,ARZ,Catcher,75,220,26.05,Catcher
543,Miguel_Montero,ARZ,Catcher,71,197,23.64,Catcher
544,Conor_Jackson,ARZ,First_Baseman,74,225,24.82,Infielder
545,Robby_Hammock,ARZ,First_Baseman,70,187,29.8,Infielder
546,Tony_Clark,ARZ,First_Baseman,79,245,34.71,Infielder
547,Orlando_Hudson,ARZ,Second_Baseman,72,185,29.22,Infielder
548,Stephen_Drew,ARZ,Shortstop,72,185,23.96,Infielder
549,Alberto_Callaspo,ARZ,Shortstop,70,175,23.87,Infielder
550,Chad_Tracy,ARZ,Third_Baseman,74,200,26.77,Infielder
551,Chris_Young,ARZ,Outfielder,74,180,23.49,Outfielder
552,Scott_Hairston,ARZ,Outfielder,72,188,26.77,Outfielder
553,Carlos_Quentin,ARZ,Outfielder,73,225,24.51,Outfielder
554,Jeff_DaVanon,ARZ,Outfielder,72,200,33.23,Outfielder
555,Eric_Byrnes,ARZ,Outfielder,74,210,31.04,Outfielder
556,Livan_Hernandez,ARZ,Starting_Pitcher,74,245,32.02,Pitcher
557,Doug_Davis,ARZ,Starting_Pitcher,76,213,31.44,Pitcher
558,Randy_Johnson,ARZ,Starting_Pitcher,82,231,43.47,Pitcher
559,Juan_Cruz,ARZ,Starting_Pitcher,74,165,28.38,Pitcher
560,Brandon_Webb,ARZ,Starting_Pitcher,74,228,27.81,Pitcher
561,Enrique_Gonzalez,ARZ,Starting_Pitcher,70,210,24.57,Pitcher
562,Dana_Eveland,ARZ,Starting_Pitcher,73,250,23.34,Pitcher
563,Brandon_Medders,ARZ,Relief_Pitcher,73,191,27.09,Pitcher
564,Tony_Pe?a,ARZ,Relief_Pitcher,74,190,25.14,Pitcher
565,Doug_Slaten,ARZ,Relief_Pitcher,77,200,27.07,Pitcher
566,Edgar_Gonzalez,ARZ,Relief_Pitcher,72,215,24.02,Pitcher
567,Jose_Valverde,ARZ,Relief_Pitcher,76,254,27.6,Pitcher
568,Jorge_Julio,ARZ,Relief_Pitcher,73,232,27.99,Pitcher
569,Brandon_Lyon,ARZ,Relief_Pitcher,73,180,27.56,Pitcher
570,Miguel_Olivo,FLA,Catcher,72,215,28.63,Catcher
571,Matt_Treanor,FLA,Catcher,74,220,30.99,Catcher
572,Mike_Jacobs,FLA,First_Baseman,74,180,26.33,Infielder
573,Dan_Uggla,FLA,Second_Baseman,71,200,26.97,Infielder
574,Robert_Andino,FLA,Shortstop,72,170,22.85,Infielder
575,Hanley_Ramirez,FLA,Shortstop,75,195,23.19,Infielder
576,Miguel_Cabrera,FLA,Third_Baseman,74,210,23.87,Infielder
577,Aaron_Boone,FLA,Third_Baseman,74,200,33.98,Infielder
578,Joe_Borchard,FLA,Outfielder,77,220,28.26,Outfielder
579,Alfredo_Amezaga,FLA,Outfielder,70,165,29.12,Outfielder
580,Cody_Ross,FLA,Outfielder,71,180,26.18,Outfielder
581,Josh_Willingham,FLA,Outfielder,73,200,28.03,Outfielder
582,Jeremy_Hermida,FLA,Outfielder,76,200,23.08,Outfielder
583,Eric_Reed,FLA,Outfielder,71,170,26.24,Outfielder
584,Reggi_Abercrombie,FLA,Outfielder,75,224,26.63,Outfielder
585,Ricky_Nolasco,FLA,Starting_Pitcher,74,220,24.21,Pitcher
586,Anibal_Sanchez,FLA,Starting_Pitcher,72,180,23.01,Pitcher
587,Scott_Olsen,FLA,Starting_Pitcher,76,198,23.13,Pitcher
588,Josh_Johnson,FLA,Starting_Pitcher,79,240,23.08,Pitcher
589,Dontrelle_Willis,FLA,Starting_Pitcher,76,239,25.13,Pitcher
590,Logan_Kensing,FLA,Relief_Pitcher,73,185,24.66,Pitcher
591,Sergio_Mitre,FLA,Relief_Pitcher,76,210,26.03,Pitcher
592,Kevin_Gregg,FLA,Relief_Pitcher,78,220,28.7,Pitcher
593,Travis_Bowyer,FLA,Relief_Pitcher,75,200,25.57,Pitcher
594,Renyel_Pinto,FLA,Relief_Pitcher,76,195,24.65,Pitcher
595,Randy_Messenger,FLA,Relief_Pitcher,72,220,25.55,Pitcher
596,Yusmeiro_Petit,FLA,Relief_Pitcher,72,230,22.27,Pitcher
597,Carlos_Martinez,FLA,Relief_Pitcher,73,170,24.76,Pitcher
598,Taylor_Tankersley,FLA,Relief_Pitcher,73,220,23.98,Pitcher
599,Henry_Owens,FLA,Relief_Pitcher,75,230,27.85,Pitcher
600,Jose_Garcia,FLA,Relief_Pitcher,71,165,22.14,Pitcher
601,Matt_Lindstrom,FLA,Relief_Pitcher,76,205,27.05,Pitcher
602,Javier_Valentin,CIN,Catcher,70,192,31.45,Catcher
603,Chad_Moeller,CIN,Catcher,75,210,32.03,Catcher
604,David_Ross,CIN,Catcher,74,205,29.95,Catcher
605,Joey_Votto,CIN,First_Baseman,75,200,23.47,Infielder
606,Scott_Hatteberg,CIN,First_Baseman,73,210,37.21,Infielder
607,Brandon_Phillips,CIN,Second_Baseman,71,185,25.67,Infielder
608,Juan_Castro,CIN,Shortstop,71,195,34.69,Infielder
609,Alex_Gonzalez,CIN,Shortstop,72,202,30.04,Infielder
610,Mark_Bellhorn,CIN,Third_Baseman,73,205,32.52,Infielder
611,Edwin_Encarnacion,CIN,Third_Baseman,73,195,24.15,Infielder
612,Jeff_Keppinger,CIN,Third_Baseman,72,180,26.86,Infielder
613,Norris_Hopper,CIN,Outfielder,69,200,27.94,Outfielder
614,Chris_Denorfia,CIN,Outfielder,73,185,26.63,Outfielder
615,Adam_Dunn,CIN,Outfielder,78,240,27.31,Outfielder
616,Bubba_Crosby,CIN,Outfielder,71,185,30.55,Outfielder
617,Jeff_Conine,CIN,Outfielder,73,220,40.68,Outfielder
618,Ken_Griffey_Jr.,CIN,Outfielder,75,205,37.27,Outfielder
619,Josh_Hamilton,CIN,Outfielder,76,205,25.78,Outfielder
620,Ryan_Freel,CIN,Outfielder,70,180,30.98,Outfielder
621,Kyle_Lohse,CIN,Starting_Pitcher,74,201,28.41,Pitcher
622,Bronson_Arroyo,CIN,Starting_Pitcher,77,190,30.01,Pitcher
623,Eric_Milton,CIN,Starting_Pitcher,75,208,31.57,Pitcher
624,Aaron_Harang,CIN,Starting_Pitcher,79,240,28.81,Pitcher
625,Elizardo_Ramirez,CIN,Starting_Pitcher,72,180,24.09,Pitcher
626,Todd_Coffey,CIN,Relief_Pitcher,77,230,26.47,Pitcher
627,Brian_Shackelford,CIN,Relief_Pitcher,73,195,30.5,Pitcher
628,Bill_Bray,CIN,Relief_Pitcher,75,215,23.74,Pitcher
629,Bobby_Livingston,CIN,Relief_Pitcher,75,190,24.49,Pitcher
630,Matt_Belisle,CIN,Relief_Pitcher,75,195,26.73,Pitcher
631,Gary_Majewski,CIN,Relief_Pitcher,73,215,27.01,Pitcher
632,Mike_Stanton,CIN,Relief_Pitcher,73,215,39.75,Pitcher
633,Brad_Salmon,CIN,Relief_Pitcher,76,220,27.16,Pitcher
634,Jared_Burton,CIN,Relief_Pitcher,77,220,25.74,Pitcher
635,David_Weathers,CIN,Relief_Pitcher,75,230,37.43,Pitcher
636,Rheal_Cormier,CIN,Relief_Pitcher,70,195,39.85,Pitcher
637,Yorvit_Torrealba,COL,Catcher,71,190,28.62,Catcher
638,Chris_Iannetta,COL,Catcher,71,195,23.9,Catcher
639,Alvin_Colina,COL,Catcher,75,209,25.18,Catcher
640,Todd_Helton,COL,First_Baseman,74,204,33.53,Infielder
641,Jamey_Carroll,COL,Second_Baseman,69,170,33.03,Infielder
642,Kaz_Matsui,COL,Second_Baseman,70,185,31.35,Infielder
643,Troy_Tulowitzki,COL,Shortstop,75,205,22.39,Infielder
644,Clint_Barmes,COL,Shortstop,72,175,27.99,Infielder
645,Garrett_Atkins,COL,Third_Baseman,75,210,27.22,Infielder
646,Ryan_Spilborghs,COL,Outfielder,73,190,27.49,Outfielder
647,Cory_Sullivan,COL,Outfielder,72,180,27.53,Outfielder
648,Jeff_Salazar,COL,Outfielder,72,180,26.26,Outfielder
649,Willy_Taveras,COL,Outfielder,72,160,25.18,Outfielder
650,Matt_Holliday,COL,Outfielder,76,235,27.12,Outfielder
651,Brad_Hawpe,COL,Outfielder,75,200,27.69,Outfielder
652,Jeff_Baker,COL,Outfielder,74,210,25.69,Outfielder
653,Byung-Hyun_Kim,COL,Starting_Pitcher,69,180,28.11,Pitcher
654,Rodrigo_Lopez,COL,Starting_Pitcher,73,190,31.21,Pitcher
655,Brian_Lawrence,COL,Starting_Pitcher,72,197,30.8,Pitcher
656,Josh_Fogg,COL,Starting_Pitcher,72,203,30.21,Pitcher
657,Aaron_Cook,COL,Starting_Pitcher,75,205,28.06,Pitcher
658,Denny_Bautista,COL,Starting_Pitcher,77,170,26.52,Pitcher
659,Ubaldo_Jimenez,COL,Starting_Pitcher,76,200,23.1,Pitcher
660,Jason_Hirsh,COL,Starting_Pitcher,80,250,25.02,Pitcher
661,Jeff_Francis,COL,Starting_Pitcher,77,200,26.14,Pitcher
662,Taylor_Buchholz,COL,Starting_Pitcher,76,220,25.38,Pitcher
663,Ryan_Speier,COL,Relief_Pitcher,79,200,27.6,Pitcher
664,Ramon_Ramirez,COL,Relief_Pitcher,71,190,25.5,Pitcher
665,Manny_Corpas,COL,Relief_Pitcher,75,170,24.24,Pitcher
666,Juan_Morillo,COL,Relief_Pitcher,73,190,23.32,Pitcher
667,Brian_Fuentes,COL,Relief_Pitcher,76,220,31.56,Pitcher
668,LaTroy_Hawkins,COL,Relief_Pitcher,77,215,34.19,Pitcher
669,Tom_Martin,COL,Relief_Pitcher,73,206,36.78,Pitcher
670,Jeremy_Affeldt,COL,Relief_Pitcher,76,215,27.73,Pitcher
671,Paul_Lo_Duca,NYM,Catcher,70,185,34.88,Catcher
672,Ramon_Castro,NYM,Catcher,75,235,31.0,Catcher
673,Julio_Franco,NYM,First_Baseman,73,188,48.52,Infielder
674,Carlos_Delgado,NYM,First_Baseman,75,230,34.68,Infielder
675,Jose_Valentin,NYM,Second_Baseman,70,195,37.38,Infielder
676,Anderson_Hernandez,NYM,Second_Baseman,69,168,24.33,Infielder
677,Damion_Easley,NYM,Shortstop,71,190,37.3,Infielder
678,Jose_Reyes,NYM,Shortstop,72,160,23.72,Infielder
679,David_Wright,NYM,Third_Baseman,72,200,24.19,Infielder
680,Ben_Johnson,NYM,Outfielder,73,200,25.7,Outfielder
681,Endy_Chavez,NYM,Outfielder,70,189,29.06,Outfielder
682,David_Newhan,NYM,Outfielder,70,180,33.48,Outfielder
683,Carlos_Beltran,NYM,Outfielder,73,190,29.85,Outfielder
684,Shawn_Green,NYM,Outfielder,76,200,34.3,Outfielder
685,Moises_Alou,NYM,Outfielder,75,220,40.66,Outfielder
686,Lastings_Milledge,NYM,Outfielder,72,187,21.9,Outfielder
687,Alay_Soler,NYM,Starting_Pitcher,73,240,27.39,Pitcher
688,Mike_Pelfrey,NYM,Starting_Pitcher,79,190,23.13,Pitcher
689,Pedro_Martinez,NYM,Starting_Pitcher,71,180,35.35,Pitcher
690,Tom_Glavine,NYM,Starting_Pitcher,72,185,40.93,Pitcher
691,Chan_Ho_Park,NYM,Starting_Pitcher,74,210,33.67,Pitcher
692,Orlando_Hernandez,NYM,Starting_Pitcher,74,220,37.39,Pitcher
693,Dave_Williams,NYM,Starting_Pitcher,74,219,27.97,Pitcher
694,Oliver_Perez,NYM,Starting_Pitcher,72,190,25.54,Pitcher
695,John_Maine,NYM,Starting_Pitcher,76,193,25.81,Pitcher
696,Marcos_Carvajal,NYM,Relief_Pitcher,76,175,22.53,Pitcher
697,Ambiorix_Burgos,NYM,Relief_Pitcher,72,180,22.86,Pitcher
698,Jason_Vargas,NYM,Relief_Pitcher,72,215,24.07,Pitcher
699,Jon_Adkins,NYM,Relief_Pitcher,71,210,29.5,Pitcher
700,Juan_Padilla,NYM,Relief_Pitcher,72,200,30.03,Pitcher
701,Duaner_Sanchez,NYM,Relief_Pitcher,72,190,27.38,Pitcher
702,Pedro_Feliciano,NYM,Relief_Pitcher,70,185,30.51,Pitcher
703,Aaron_Heilman,NYM,Relief_Pitcher,77,220,28.3,Pitcher
704,Jorge_Sosa,NYM,Relief_Pitcher,74,170,29.84,Pitcher
705,Scott_Schoeneweis,NYM,Relief_Pitcher,72,195,33.41,Pitcher
706,Guillermo_Mota,NYM,Relief_Pitcher,76,205,33.6,Pitcher
707,Billy_Wagner,NYM,Relief_Pitcher,71,195,35.6,Pitcher
708,Philip_Humber,NYM,Relief_Pitcher,76,210,24.19,Pitcher
709,Brad_Ausmus,HOU,Catcher,71,190,37.88,Catcher
710,Humberto_Quintero,HOU,Catcher,73,190,27.56,Catcher
711,Hector_Gimenez,HOU,Catcher,70,180,24.42,Catcher
712,Lance_Berkman,HOU,First_Baseman,73,220,31.05,Infielder
713,Mike_Lamb,HOU,First_Baseman,73,190,31.56,Infielder
714,Mark_Loretta,HOU,Second_Baseman,72,186,35.55,Infielder
715,Craig_Biggio,HOU,Second_Baseman,71,185,41.21,Infielder
716,Brooks_Conrad,HOU,Second_Baseman,71,190,27.12,Infielder
717,Chris_Burke,HOU,Second_Baseman,71,180,26.97,Infielder
718,Eric_Bruntlett,HOU,Second_Baseman,72,190,28.92,Infielder
719,Adam_Everett,HOU,Shortstop,72,170,30.06,Infielder
720,Morgan_Ensberg,HOU,Third_Baseman,74,210,31.51,Infielder
721,Carlos_Lee,HOU,Outfielder,74,240,30.69,Outfielder
722,Jason_Lane,HOU,Outfielder,74,220,30.19,Outfielder
723,Orlando_Palmeiro,HOU,Outfielder,71,180,38.11,Outfielder
724,Luke_Scott,HOU,Outfielder,72,210,28.68,Outfielder
725,Charlton_Jimerson,HOU,Outfielder,75,210,27.44,Outfielder
726,Fernando_Nieve,HOU,Starting_Pitcher,72,195,24.63,Pitcher
727,Wandy_Rodriguez,HOU,Starting_Pitcher,71,160,28.11,Pitcher
728,Brandon_Backe,HOU,Starting_Pitcher,72,180,28.9,Pitcher
729,Matt_Albers,HOU,Starting_Pitcher,72,205,24.11,Pitcher
730,Woody_Williams,HOU,Starting_Pitcher,72,200,40.53,Pitcher
731,Roy_Oswalt,HOU,Starting_Pitcher,72,185,29.5,Pitcher
732,Jason_Jennings,HOU,Starting_Pitcher,74,245,28.62,Pitcher
733,Miguel_Asencio,HOU,Relief_Pitcher,74,190,26.42,Pitcher
734,Brad_Lidge,HOU,Relief_Pitcher,77,210,30.18,Pitcher
735,Trever_Miller,HOU,Relief_Pitcher,75,200,33.75,Pitcher
736,David_Borkowski,HOU,Relief_Pitcher,73,200,30.06,Pitcher
737,Dan_Wheeler,HOU,Relief_Pitcher,75,222,29.22,Pitcher
738,Paul_Estrada,HOU,Relief_Pitcher,73,215,24.47,Pitcher
739,Lincoln_Holdzkom,HOU,Relief_Pitcher,76,240,24.94,Pitcher
740,Chris_Sampson,HOU,Relief_Pitcher,72,170,28.77,Pitcher
741,Chad_Qualls,HOU,Relief_Pitcher,77,220,28.54,Pitcher
742,Ezequiel_Astacio,HOU,Relief_Pitcher,75,156,27.32,Pitcher
743,Mike_Lieberthal,LA,Catcher,72,190,35.12,Catcher
744,Russell_Martin,LA,Catcher,71,202,24.04,Catcher
745,Olmedo_Saenz,LA,First_Baseman,71,221,36.39,Infielder
746,James_Loney,LA,First_Baseman,75,200,22.81,Infielder
747,Nomar_Garciaparra,LA,First_Baseman,72,190,33.6,Infielder
748,Jeff_Kent,LA,Second_Baseman,73,210,38.98,Infielder
749,Ramon_Martinez,LA,Second_Baseman,73,190,34.39,Infielder
750,Marlon_Anderson,LA,Second_Baseman,71,200,33.15,Infielder
751,Rafael_Furcal,LA,Shortstop,70,165,29.35,Infielder
752,Wilson_Betemit,LA,Third_Baseman,75,190,26.59,Infielder
753,Andy_LaRoche,LA,Third_Baseman,71,185,23.46,Infielder
754,Matt_Kemp,LA,Outfielder,76,230,22.43,Outfielder
755,Andre_Ethier,LA,Outfielder,73,208,24.89,Outfielder
756,Delwyn_Young,LA,Outfielder,68,209,24.67,Outfielder
757,Jason_Repko,LA,Outfielder,71,175,26.17,Outfielder
758,Juan_Pierre,LA,Outfielder,72,180,29.54,Outfielder
759,Luis_Gonzalez,LA,Outfielder,74,200,39.49,Outfielder
760,Jason_Schmidt,LA,Starting_Pitcher,77,205,34.08,Pitcher
761,Randy_Wolf,LA,Starting_Pitcher,72,200,30.52,Pitcher
762,Brad_Penny,LA,Starting_Pitcher,76,250,28.77,Pitcher
763,Derek_Lowe,LA,Starting_Pitcher,78,210,33.75,Pitcher
764,Mark_Hendrickson,LA,Starting_Pitcher,81,230,32.69,Pitcher
765,Chad_Billingsley,LA,Starting_Pitcher,72,244,22.59,Pitcher
766,Takashi_Saito,LA,Relief_Pitcher,73,202,37.04,Pitcher
767,Jonathan_Broxton,LA,Relief_Pitcher,76,240,22.7,Pitcher
768,Hong-Chih_Kuo,LA,Relief_Pitcher,72,200,25.6,Pitcher
769,Eric_Stults,LA,Relief_Pitcher,72,215,27.23,Pitcher
770,Chin-Hui_Tsao,LA,Relief_Pitcher,74,177,25.74,Pitcher
771,Tim_Hamulack,LA,Relief_Pitcher,76,210,30.29,Pitcher
772,Yhency_Brazoban,LA,Relief_Pitcher,73,170,26.72,Pitcher
773,Brett_Tomko,LA,Relief_Pitcher,76,215,33.9,Pitcher
774,Joe_Beimel,LA,Relief_Pitcher,75,217,29.86,Pitcher
775,Elmer_Dessens,LA,Relief_Pitcher,70,198,36.13,Pitcher
776,Ryan_Budde,PHI,Catcher,71,200,27.54,Catcher
777,Rod_Barajas,PHI,Catcher,74,220,31.49,Catcher
778,Carlos_Ruiz,PHI,Catcher,72,170,28.1,Catcher
779,Chris_Coste,PHI,Catcher,73,200,34.07,Catcher
780,Ryan_Howard,PHI,First_Baseman,76,230,27.28,Infielder
781,Wes_Helms,PHI,First_Baseman,76,231,30.8,Infielder
782,Chase_Utley,PHI,Second_Baseman,73,183,28.2,Infielder
783,Danny_Sandoval,PHI,Second_Baseman,71,192,27.9,Infielder
784,Jimmy_Rollins,PHI,Shortstop,68,167,28.26,Infielder
785,Abraham_Nu?ez,PHI,Third_Baseman,71,190,30.96,Infielder
786,Michael_Bourn,PHI,Outfielder,71,180,24.18,Outfielder
787,Chris_Roberson,PHI,Outfielder,74,180,27.52,Outfielder
788,Jayson_Werth,PHI,Outfielder,77,215,27.78,Outfielder
789,Shane_Victorino,PHI,Outfielder,69,160,26.25,Outfielder
790,Aaron_Rowand,PHI,Outfielder,72,205,29.5,Outfielder
791,Pat_Burrell,PHI,Outfielder,76,223,30.39,Outfielder
792,Cole_Hamels,PHI,Starting_Pitcher,75,175,23.18,Pitcher
793,Alfredo_Simon,PHI,Starting_Pitcher,76,170,25.81,Pitcher
794,Scott_Mathieson,PHI,Starting_Pitcher,75,190,23.01,Pitcher
795,Freddy_Garcia,PHI,Starting_Pitcher,76,240,31.72,Pitcher
796,Jamie_Moyer,PHI,Starting_Pitcher,72,175,44.28,Pitcher
797,Jon_Lieber,PHI,Starting_Pitcher,74,230,36.91,Pitcher
798,Brett_Myers,PHI,Starting_Pitcher,76,223,26.54,Pitcher
799,Adam_Eaton,PHI,Starting_Pitcher,74,196,29.27,Pitcher
800,Geoff_Geary,PHI,Relief_Pitcher,72,167,30.51,Pitcher
801,Clay_Condrey,PHI,Relief_Pitcher,75,195,31.28,Pitcher
802,Ryan_Madson,PHI,Relief_Pitcher,78,190,26.51,Pitcher
803,Antonio_Alfonseca,PHI,Relief_Pitcher,77,250,34.87,Pitcher
804,Tom_Gordon,PHI,Relief_Pitcher,70,190,39.28,Pitcher
805,Brian_Sanches,PHI,Relief_Pitcher,72,190,28.56,Pitcher
806,Jim_Ed_Warden,PHI,Relief_Pitcher,79,190,27.82,Pitcher
807,Anderson_Garcia,PHI,Relief_Pitcher,74,170,25.94,Pitcher
808,Eude_Brito,PHI,Relief_Pitcher,71,160,28.53,Pitcher
809,Fabio_Castro,PHI,Relief_Pitcher,68,150,22.11,Pitcher
810,Matt_Smith,PHI,Relief_Pitcher,77,225,27.71,Pitcher
811,Damian_Miller,MLW,Catcher,75,220,37.38,Catcher
812,Johnny_Estrada,MLW,Catcher,71,209,30.67,Catcher
813,Mike_Rivera,MLW,Catcher,72,210,30.48,Catcher
814,J.D._Closser,MLW,Catcher,70,176,27.12,Catcher
815,Prince_Fielder,MLW,First_Baseman,72,260,22.81,Infielder
816,Rickie_Weeks,MLW,Second_Baseman,72,195,24.46,Infielder
817,Tony_Graffanino,MLW,Second_Baseman,73,190,34.73,Infielder
818,Craig_Counsell,MLW,Shortstop,72,184,36.53,Infielder
819,J.J._Hardy,MLW,Shortstop,74,180,24.53,Infielder
820,Bill_Hall,MLW,Shortstop,72,195,27.17,Infielder
821,Vinny_Rottino,MLW,Third_Baseman,72,195,26.9,Infielder
822,Corey_Koskie,MLW,Third_Baseman,75,219,33.67,Infielder
823,Kevin_Mench,MLW,Outfielder,72,225,29.14,Outfielder
824,Geoff_Jenkins,MLW,Outfielder,73,212,32.61,Outfielder
825,Brady_Clark,MLW,Outfielder,74,202,33.87,Outfielder
826,Tony_Gwynn_Jr.,MLW,Outfielder,72,185,24.41,Outfielder
827,Corey_Hart,MLW,Outfielder,78,200,24.94,Outfielder
828,Gabe_Gross,MLW,Outfielder,75,209,27.36,Outfielder
829,Laynce_Nix,MLW,Outfielder,72,200,26.33,Outfielder
830,Drew_Anderson,MLW,Outfielder,74,195,25.72,Outfielder
831,Claudio_Vargas,MLW,Starting_Pitcher,75,228,28.7,Pitcher
832,Chris_Capuano,MLW,Starting_Pitcher,75,210,28.53,Pitcher
833,Ben_Hendrickson,MLW,Starting_Pitcher,76,190,26.07,Pitcher
834,Dave_Bush,MLW,Starting_Pitcher,74,212,27.31,Pitcher
835,Carlos_Villanueva,MLW,Starting_Pitcher,74,190,23.26,Pitcher
836,Ben_Sheets,MLW,Starting_Pitcher,73,218,28.62,Pitcher
837,Jeff_Suppan,MLW,Starting_Pitcher,74,220,32.16,Pitcher
838,Brian_Shouse,MLW,Relief_Pitcher,71,190,38.43,Pitcher
839,Francisco_Cordero,MLW,Relief_Pitcher,74,235,31.81,Pitcher
840,Derrick_Turnbow,MLW,Relief_Pitcher,75,210,29.1,Pitcher
841,Matt_Wise,MLW,Relief_Pitcher,76,200,31.28,Pitcher
842,Grant_Balfour,MLW,Relief_Pitcher,74,188,29.17,Pitcher
843,Dennis_Sarfate,MLW,Relief_Pitcher,76,210,25.89,Pitcher
844,Jose_Capellan,MLW,Relief_Pitcher,76,235,26.13,Pitcher
845,Greg_Aquino,MLW,Relief_Pitcher,73,188,29.13,Pitcher
846,Josh_Bard,SD,Catcher,75,215,28.92,Catcher
847,Rob_Bowen,SD,Catcher,75,216,26.01,Catcher
848,Adrian_Gonzalez,SD,First_Baseman,74,220,24.81,Infielder
849,Marcus_Giles,SD,Second_Baseman,68,180,28.79,Infielder
850,Todd_Walker,SD,Second_Baseman,72,185,33.77,Infielder
851,Geoff_Blum,SD,Shortstop,75,200,33.85,Infielder
852,Khalil_Greene,SD,Shortstop,71,210,27.36,Infielder
853,Paul_McAnulty,SD,Outfielder,70,220,26.01,Outfielder
854,Terrmel_Sledge,SD,Outfielder,72,185,29.95,Outfielder
855,Jack_Cust,SD,Outfielder,73,231,28.12,Outfielder
856,Jose_Cruz_Jr.,SD,Outfielder,72,210,32.87,Outfielder
857,Russell_Branyan,SD,Outfielder,75,195,31.2,Outfielder
858,Mike_Cameron,SD,Outfielder,74,200,34.14,Outfielder
859,Brian_Giles,SD,Outfielder,70,205,36.11,Outfielder
860,Mike_Thompson,SD,Starting_Pitcher,76,200,26.31,Pitcher
861,Clay_Hensley,SD,Starting_Pitcher,71,190,27.5,Pitcher
862,Chris_Young,SD,Starting_Pitcher,82,250,27.77,Pitcher
863,Greg_Maddux,SD,Starting_Pitcher,72,185,40.88,Pitcher
864,Jake_Peavy,SD,Starting_Pitcher,73,180,25.75,Pitcher
865,Scott_Cassidy,SD,Relief_Pitcher,74,170,31.41,Pitcher
866,Scott_Strickland,SD,Relief_Pitcher,71,180,30.84,Pitcher
867,Scott_Linebrink,SD,Relief_Pitcher,75,208,30.57,Pitcher
868,Doug_Brocail,SD,Relief_Pitcher,77,235,39.79,Pitcher
869,Trevor_Hoffman,SD,Relief_Pitcher,72,215,39.38,Pitcher
870,Heath_Bell,SD,Relief_Pitcher,74,244,29.42,Pitcher
871,Royce_Ring,SD,Relief_Pitcher,72,220,26.19,Pitcher
872,Cla_Meredith,SD,Relief_Pitcher,73,185,23.74,Pitcher
873,Andrew_Brown,SD,Relief_Pitcher,78,230,26.03,Pitcher
874,Mike_Adams,SD,Relief_Pitcher,77,190,28.59,Pitcher
875,Justin_Hampson,SD,Relief_Pitcher,73,200,26.77,Pitcher
876,Kevin_Cameron,SD,Relief_Pitcher,73,180,27.21,Pitcher
877,Ryan_Ketchner,SD,Relief_Pitcher,73,190,24.87,Pitcher
878,Brian_Schneider,WAS,Catcher,73,196,30.26,Catcher
879,Jesus_Flores,WAS,Catcher,73,180,22.34,Catcher
880,Larry_Broadway,WAS,First_Baseman,76,230,26.2,Infielder
881,Nick_Johnson,WAS,First_Baseman,75,224,28.45,Infielder
882,Bernie_Castro,WAS,Second_Baseman,70,160,27.63,Infielder
883,Josh_Wilson,WAS,Shortstop,73,178,25.93,Infielder
884,Cristian_Guzman,WAS,Shortstop,72,205,28.94,Infielder
885,Felipe_Lopez,WAS,Shortstop,73,185,26.8,Infielder
886,Ryan_Zimmerman,WAS,Third_Baseman,75,210,22.42,Infielder
887,Nook_Logan,WAS,Outfielder,74,180,27.26,Outfielder
888,Ryan_Church,WAS,Outfielder,73,190,28.38,Outfielder
889,Kory_Casto,WAS,Outfielder,73,200,25.23,Outfielder
890,Mike_Restovich,WAS,Outfielder,76,257,28.16,Outfielder
891,Alex_Escobar,WAS,Outfielder,73,190,28.48,Outfielder
892,Austin_Kearns,WAS,Outfielder,75,220,26.78,Outfielder
893,Chris_Snelling,WAS,Outfielder,70,165,25.24,Outfielder
894,Billy_Traber,WAS,Starting_Pitcher,77,205,27.45,Pitcher
895,Tim_Redding,WAS,Starting_Pitcher,72,200,29.05,Pitcher
896,John_Patterson,WAS,Starting_Pitcher,77,208,29.08,Pitcher
897,Shawn_Hill,WAS,Starting_Pitcher,74,185,25.84,Pitcher
898,Joel_Hanrahan,WAS,Starting_Pitcher,75,215,25.4,Pitcher
899,Mike_O'Connor,WAS,Starting_Pitcher,75,170,26.54,Pitcher
900,Emiliano_Fruto,WAS,Relief_Pitcher,75,235,22.73,Pitcher
901,Chris_Schroder,WAS,Relief_Pitcher,75,210,28.53,Pitcher
902,Brett_Campbell,WAS,Relief_Pitcher,72,170,25.37,Pitcher
903,Beltran_Perez,WAS,Relief_Pitcher,74,180,25.35,Pitcher
904,Levale_Speigner,WAS,Relief_Pitcher,71,170,26.43,Pitcher
905,Jason_Bergmann,WAS,Relief_Pitcher,76,190,25.43,Pitcher
906,Saul_Rivera,WAS,Relief_Pitcher,71,150,29.23,Pitcher
907,Chris_Booker,WAS,Relief_Pitcher,75,230,30.22,Pitcher
908,Micah_Bowie,WAS,Relief_Pitcher,76,203,32.3,Pitcher
909,Jon_Rauch,WAS,Relief_Pitcher,83,260,28.42,Pitcher
910,Jerome_Williams,WAS,Relief_Pitcher,75,246,25.24,Pitcher
911,Luis_Ayala,WAS,Relief_Pitcher,74,186,29.13,Pitcher
912,Ryan_Wagner,WAS,Relief_Pitcher,76,210,24.63,Pitcher
913,Chad_Cordero,WAS,Relief_Pitcher,72,198,24.95,Pitcher
914,Humberto_Cota,PIT,Catcher,72,210,28.06,Catcher
915,Ronny_Paulino,PIT,Catcher,75,215,25.86,Catcher
916,Adam_LaRoche,PIT,First_Baseman,75,180,27.32,Infielder
917,Ryan_Doumit,PIT,First_Baseman,72,200,25.91,Infielder
918,Brad_Eldred,PIT,First_Baseman,77,245,26.63,Infielder
919,Jose_Castillo,PIT,Second_Baseman,73,200,25.95,Infielder
920,Jack_Wilson,PIT,Shortstop,72,192,29.17,Infielder
921,Freddy_Sanchez,PIT,Third_Baseman,70,192,29.19,Infielder
922,Jason_Bay,PIT,Outfielder,74,200,28.44,Outfielder
923,Jose_Bautista,PIT,Outfielder,72,192,26.36,Outfielder
924,Xavier_Nady,PIT,Outfielder,74,205,28.29,Outfielder
925,Jody_Gerut,PIT,Outfielder,72,190,29.45,Outfielder
926,Nate_McLouth,PIT,Outfielder,71,186,25.34,Outfielder
927,Chris_Duffy,PIT,Outfielder,70,170,26.86,Outfielder
928,Rajai_Davis,PIT,Outfielder,71,197,26.36,Outfielder
929,Shane_Youman,PIT,Starting_Pitcher,76,219,27.39,Pitcher
930,Yoslan_Herrera,PIT,Starting_Pitcher,74,200,25.84,Pitcher
931,Josh_Shortslef,PIT,Starting_Pitcher,76,220,25.08,Pitcher
932,Zach_Duke,PIT,Starting_Pitcher,74,207,23.87,Pitcher
933,Paul_Maholm,PIT,Starting_Pitcher,74,225,24.68,Pitcher
934,Tom_Gorzelanny,PIT,Starting_Pitcher,74,207,24.64,Pitcher
935,Shawn_Chacon,PIT,Starting_Pitcher,75,212,29.19,Pitcher
936,Tony_Armas_Jr.,PIT,Starting_Pitcher,75,225,28.84,Pitcher
937,Ian_Snell,PIT,Starting_Pitcher,71,170,25.33,Pitcher
938,Sean_Burnett,PIT,Starting_Pitcher,71,190,24.45,Pitcher
939,John_Grabow,PIT,Relief_Pitcher,74,210,28.32,Pitcher
940,Marty_McLeary,PIT,Relief_Pitcher,77,230,32.34,Pitcher
941,Salomon_Torres,PIT,Relief_Pitcher,71,210,34.97,Pitcher
942,Damaso_Marte,PIT,Relief_Pitcher,74,200,32.04,Pitcher
943,Matt_Capps,PIT,Relief_Pitcher,75,238,23.49,Pitcher
944,Josh_Sharpless,PIT,Relief_Pitcher,77,234,26.09,Pitcher
945,Bryan_Bullington,PIT,Relief_Pitcher,76,222,26.41,Pitcher
946,Jonah_Bayliss,PIT,Relief_Pitcher,74,200,26.55,Pitcher
947,Brian_Rogers,PIT,Relief_Pitcher,76,190,24.62,Pitcher
948,Juan_Perez,PIT,Relief_Pitcher,72,170,28.49,Pitcher
949,Bengie_Molina,SF,Catcher,71,220,32.61,Catcher
950,Eliezer_Alfonzo,SF,Catcher,72,223,28.06,Catcher
951,Lance_Niekro,SF,First_Baseman,75,210,28.08,Infielder
952,Mark_Sweeney,SF,First_Baseman,73,215,37.34,Infielder
953,Ray_Durham,SF,Second_Baseman,68,196,35.25,Infielder
954,Kevin_Frandsen,SF,Second_Baseman,72,175,24.77,Infielder
955,Omar_Vizquel,SF,Shortstop,69,175,39.85,Infielder
956,Rich_Aurilia,SF,Third_Baseman,73,189,35.49,Infielder
957,Pedro_Feliz,SF,Third_Baseman,73,205,31.84,Infielder
958,Todd_Linden,SF,Outfielder,75,210,26.67,Outfielder
959,Dave_Roberts,SF,Outfielder,70,180,34.75,Outfielder
960,Jason_Ellison,SF,Outfielder,70,180,28.91,Outfielder
961,Randy_Winn,SF,Outfielder,74,197,32.73,Outfielder
962,Ryan_Klesko,SF,Outfielder,75,220,35.72,Outfielder
963,Barry_Bonds,SF,Outfielder,74,228,42.6,Outfielder
964,Fred_Lewis,SF,Outfielder,74,190,26.22,Outfielder
965,Kelyn_Acosta,SF,Starting_Pitcher,73,204,21.85,Pitcher
966,Jonathan_Sanchez,SF,Starting_Pitcher,74,165,24.28,Pitcher
967,Matt_Cain,SF,Starting_Pitcher,75,216,22.41,Pitcher
968,Matt_Morris,SF,Starting_Pitcher,77,220,32.56,Pitcher
969,Russ_Ortiz,SF,Starting_Pitcher,73,208,32.74,Pitcher
970,Noah_Lowry,SF,Starting_Pitcher,74,210,26.39,Pitcher
971,Barry_Zito,SF,Starting_Pitcher,76,215,28.8,Pitcher
972,Vinnie_Chulk,SF,Relief_Pitcher,74,195,28.2,Pitcher
973,Kevin_Correia,SF,Relief_Pitcher,75,200,26.52,Pitcher
974,Steve_Kline,SF,Relief_Pitcher,73,215,34.52,Pitcher
975,Armando_Benitez,SF,Relief_Pitcher,76,229,34.32,Pitcher
976,Scott_Munter,SF,Relief_Pitcher,78,240,26.98,Pitcher
977,Jack_Taschner,SF,Relief_Pitcher,75,207,28.86,Pitcher
978,Brian_Wilson,SF,Relief_Pitcher,73,205,24.96,Pitcher
979,Merkin_Valdez,SF,Relief_Pitcher,77,208,25.3,Pitcher
980,Brad_Hennessey,SF,Relief_Pitcher,74,185,27.06,Pitcher
981,Billy_Sadler,SF,Relief_Pitcher,72,190,25.44,Pitcher
982,Pat_Misch,SF,Relief_Pitcher,74,170,25.53,Pitcher
983,Gary_Bennett,STL,Catcher,72,208,34.87,Catcher
984,Yadier_Molina,STL,Catcher,71,225,24.63,Catcher
985,John_Nelson,STL,First_Baseman,73,190,27.99,Infielder
986,Albert_Pujols,STL,First_Baseman,75,225,27.12,Infielder
987,Adam_Kennedy,STL,Second_Baseman,73,185,31.14,Infielder
988,Aaron_Miles,STL,Second_Baseman,67,180,30.21,Infielder
989,David_Eckstein,STL,Shortstop,67,165,32.11,Infielder
990,Scott_Rolen,STL,Third_Baseman,76,240,31.91,Infielder
991,Scott_Spiezio,STL,Third_Baseman,74,220,34.44,Infielder
992,Jim_Edmonds,STL,Outfielder,73,212,36.68,Outfielder
993,So_Taguchi,STL,Outfielder,70,163,37.66,Outfielder
994,Juan_Encarnacion,STL,Outfielder,75,215,30.98,Outfielder
995,Skip_Schumaker,STL,Outfielder,70,175,27.07,Outfielder
996,John_Rodriguez,STL,Outfielder,72,205,29.11,Outfielder
997,Chris_Duncan,STL,Outfielder,77,210,25.82,Outfielder
998,Adam_Wainwright,STL,Starting_Pitcher,79,205,25.5,Pitcher
999,Mark_Mulder,STL,Starting_Pitcher,78,208,29.57,Pitcher
1000,Anthony_Reyes,STL,Starting_Pitcher,74,215,25.37,Pitcher
1001,Ryan_Franklin,STL,Starting_Pitcher,75,180,33.99,Pitcher
1002,Kip_Wells,STL,Starting_Pitcher,75,200,29.86,Pitcher
1003,Chris_Carpenter,STL,Starting_Pitcher,78,230,31.84,Pitcher
1004,Russ_Springer,STL,Relief_Pitcher,76,211,38.31,Pitcher
1005,Jason_Isringhausen,STL,Relief_Pitcher,75,230,34.48,Pitcher
1006,Ricardo_Rincon,STL,Relief_Pitcher,69,190,36.88,Pitcher
1007,Braden_Looper,STL,Relief_Pitcher,75,220,32.34,Pitcher
1008,Randy_Flores,STL,Relief_Pitcher,72,180,31.58,Pitcher
1009,Josh_Hancock,STL,Relief_Pitcher,75,205,28.89,Pitcher
1010,Brad_Thompson,STL,Relief_Pitcher,73,190,25.08,Pitcher
1011,Tyler_Johnson,STL,Relief_Pitcher,74,180,25.73,Pitcher
1012,Chris_Narveson,STL,Relief_Pitcher,75,205,25.19,Pitcher
1013,Randy_Keisler,STL,Relief_Pitcher,75,190,31.01,Pitcher
1014,Josh_Kinney,STL,Relief_Pitcher,73,195,27.92,Pitcher
